<?xml version="1.0" encoding="iso-8859-1"?>
<mosinstall type="module" version="1.0.0">
	<name>Spotlight Module with Image</name>
	<author>JoomlArt.com</author>
	<creationDate>May 2007</creationDate>
	<copyright>JoomlArt.com</copyright>
	<authorEmail>webmaster@joomlart.com</authorEmail>
	<authorUrl>www.joomlart.com</authorUrl>
	<version>1.0.0</version>
	<description>Spotlight Module with Image</description>
	<files>
		<filename module="mod_ja_slwi">mod_ja_slwi.php</filename>
		<filename module="mod_ja_slwi">ja_slwi/ja_slwi.js</filename>
		<filename module="mod_ja_slwi">ja_slwi/mootools.v1.1.js</filename>
		<filename module="mod_ja_slwi">ja_slwi/mootools.v1.1.pak.js</filename>
	</files>
	<params>
		<param name="moduleclass_sfx" type="text" default="" label="Module Class Suffix" description="A suffix to be applied to the css class of the module (table.moduletable), this allows individual module styling" />
		<param name="@spacer" type="spacer" default="" label="" description="" />
		<param name="title" type="text" default="Alternate title" label="Title" description="Alternate title of the module" />
		<param name="image" type="text" default="" label="Image Path" description="Path to the image" />
		<param name="fulltext" type="textarea" rows="5" cols="35" default="" label="Full Text" description="Full text of the module" />
		<param name="height" type="text" default="200" label="Module Height" description="Height of the module" />
		<param name="@spacer" type="spacer" default="" label="" description="" />
		<param name="textcolor" type="text" default="FFFFFF" label="Text Color" description="Text color" />
		<param name="bgcolor" type="text" default="008800" label="Background Color" description="Background color" />
		<param name="transparent" type="text" default="80" label="Background Transparent" description="Percentage of the Background Transparent" />
		<param name="expandheight" type="text" default="120" label="Expand Height" description="Height when expanded" />
	</params>
</mosinstall>
